tree_id,species,age_years,dbh_cm,db_cm,dm_cm,dt_cm,total_height_m,merch_height_m,bole_height_m,crown_diameter_m,crown_length_m,crown_projection_area_m2,crown_ratio,basal_area_m2,total_volume_m3,merch_volume_m3,agb_kg,natural_form_factor
1,Tectona_grandis,30,33.1,40.1,18.0,10.0,37.0,23.0,22.7,7.0,14.0,0.00384895,0.3783783783783784,0.08606016550000001,11.8288445,7.3530655000000005,1371.75963557773,3.7148255309827403
2,Tectona_grandis,30,36.6,54.2,17.0,10.0,26.0,13.5,12.2,9.0,13.5,0.00636255,0.5192307692307693,0.10522243800000002,8.999735333333334,4.6729395,2030.4758706345672,3.2896373933729484
3,Tectona_grandis,30,43.6,68.2,25.0,15.0,32.0,15.5,21.7,9.6,10.0,0.007239168,0.3125,0.149320408,15.349717333333333,7.435019333333334,3014.181174478625,3.2124119743007045
4,Tectona_grandis,30,39.8,52.6,20.0,10.0,26.5,12.0,10.2,10.35,16.0,0.008414472374999999,0.6037735849056604,0.12442634199999998,9.894419833333334,4.480492,2140.0550962176594,3.000765973923218
5,Tectona_grandis,30,32.2,43.65,20.0,10.0,29.5,21.5,21.2,5.7,8.0,0.0025520895,0.2711864406779661,0.081443782,10.323237375000001,7.523715375000001,1450.6042540154003,4.296709231896918
6,Tectona_grandis,30,28.9,36.94,17.0,9.0,24.0,12.0,3.6999999999999993,6.0,20.0,0.0028277999999999997,0.8333333333333334,0.06560574549999999,7.159989599999999,3.5799947999999997,1109.0988375715083,4.547359346751116
7,Tectona_grandis,30,28.0,32.8,22.0,12.0,27.5,9.0,8.7,6.1,18.5,0.0029228454999999996,0.6727272727272727,0.0615832,9.562153333333331,3.1294319999999995,957.5822778831159,5.646258503401359
8,Tectona_grandis,30,44.3,58.6,35.0,13.0,35.0,16.0,23.7,7.9,11.0,0.0049023055,0.3142857142857143,0.15415358949999997,19.391376666666662,8.864629333333331,2640.067919736078,3.594073515448911
9,Tectona_grandis,30,25.8,31.8,20.0,10.0,24.0,9.0,8.7,5.75,15.0,0.002597059375,0.625,0.052286022,7.653912000000001,2.8702170000000002,857.761781731219,6.099393065320593
10,Tectona_grandis,30,61.2,83.1,38.0,16.0,42.0,27.0,25.7,10.5,16.0,0.0086601375,0.38095238095238093,0.294204312,27.613467,17.7515145,5089.2874028411325,2.2347174163783157
11,Tectona_grandis,30,24.8,28.7,12.0,8.0,28.0,13.0,4.199999999999999,7.6,23.5,0.004537048,0.8392857142857143,0.048311392,6.209639333333333,2.883046833333333,746.6800735218344,4.590487339576829
12,Tectona_grandis,30,29.3,36.9,15.0,10.0,24.5,15.5,4.199999999999999,7.8,20.0,0.004778982,0.8163265306122449,0.0674343895,6.857545916666665,4.338447416666667,1122.8907924786047,4.150698707420393
13,Tectona_grandis,30,34.4,44.6,27.0,15.0,29.8,18.2,17.9,6.4,11.6,0.0032174080000000006,0.38926174496644295,0.09295292799999999,13.077213466666667,7.9867545333333325,1580.1155678563487,4.721020371371913
14,Tectona_grandis,30,26.8,32.5,18.0,10.0,28.0,16.0,15.7,5.9,12.0,0.0027343255,0.42857142857142855,0.05641775200000001,8.394376666666666,4.796786666666666,909.3157410208321,5.313915497141158
15,Tectona_grandis,30,27.7,30.7,18.0,8.0,27.0,11.5,20.7,5.7,6.0,0.0025520895,0.2222222222222222,0.0602706295,7.825936499999999,3.33326925,888.3094841625773,4.8091334436784
16,Tectona_grandis,30,37.3,40.0,18.0,10.0,26.3,11.5,18.700000000000003,5.6,7.3,0.0024633279999999994,0.27756653992395436,0.10928582949999997,8.401184333333335,3.673521666666667,1537.6424539138006,2.9229468095556417
17,Tectona_grandis,30,26.75,31.2,15.0,9.0,29.5,12.0,19.2,5.6,10.0,0.0024633279999999994,0.3389830508474576,0.056207434375000004,7.739531499999999,3.1482839999999994,872.2076452401124,4.667656563892042
18,Tectona_grandis,30,27.0,34.1,15.0,10.0,26.0,14.0,12.7,7.3,13.0,0.004185929499999999,0.5,0.05726295,7.086780999999999,3.8159590000000003,959.9227789205441,4.7599451303155
19,Tectona_grandis,30,58.5,74.8,37.0,20.0,36.0,19.0,18.7,10.5,17.0,0.0086601375,0.4722222222222222,0.2688177375,22.886328,12.078895333333332,4394.698390610663,2.3649158691893732
20,Tectona_grandis,30,52.2,70.7,25.0,15.0,36.8,16.8,16.499999999999996,8.2,20.0,0.005281701999999999,0.5434782608695653,0.21403618200000002,17.8930616,8.1685716,3721.6604621820657,2.271693016837686
21,Tectona_grandis,30,40.5,52.0,18.0,10.0,27.6,14.6,14.3,7.2,13.0,0.004072032,0.47101449275362317,0.1288416375,9.683644,5.122507333333332,2152.545577695589,2.7231621195955897
22,Tectona_grandis,30,31.2,44.3,22.0,15.0,32.5,18.5,18.2,6.2,14.0,0.0030194620000000005,0.4307692307692308,0.076463712,12.534616250000001,7.135089250000001,1427.058939428349,5.0439677843524
23,Tectona_grandis,30,34.1,41.1,18.0,12.0,28.0,18.0,17.7,5.7,10.0,0.0025520895,0.35714285714285715,0.09133872550000001,9.171498,5.895963,1446.5547706645946,3.5861404700681963
24,Tectona_grandis,30,34.7,43.3,25.0,15.0,25.4,16.0,13.199999999999998,7.8,11.9,0.004778982,0.46850393700787407,0.09458126950000001,10.527847033333332,6.6317146666666655,1548.213122256526,4.382285931007371
25,Tectona_grandis,30,38.85,54.5,36.0,20.0,29.5,17.25,14.85,6.1,14.35,0.0029228454999999996,0.4864406779661017,0.118557282375,16.877122083333333,9.868825625,2163.8423413521887,4.825564671124517
26,Tectona_grandis,30,34.1,43.3,22.0,15.0,24.5,14.5,14.2,5.35,10.0,0.0022482973749999996,0.40816326530612246,0.09133872550000001,9.385023083333333,5.554401416666667,1522.0798990738613,4.19386371519566
27,Tectona_grandis,30,54.5,78.3,35.0,20.0,31.5,17.5,19.2,8.2,12.0,0.005281701999999999,0.38095238095238093,0.2333131375,19.65438825,10.919104583333333,4288.362166560802,2.6742978986056167
28,Tectona_grandis,30,34.7,42.0,24.0,15.0,20.1,12.1,15.200000000000003,8.3,4.6,0.005411309500000001,0.22885572139303478,0.09458126950000001,8.052160500000001,4.8473205,1502.8300300401722,4.235563786760126
29,Tectona_grandis,30,31.2,38.2,20.0,12.0,26.0,14.0,13.7,5.5,12.0,0.0023761374999999997,0.46153846153846156,0.076463712,8.863582,4.772698,1234.939596430444,4.458415516107824
30,Tectona_grandis,30,29.3,37.3,18.0,10.0,29.0,20.0,19.7,4.2,9.0,0.001385622,0.3103448275862069,0.0674343895,9.058647833333332,6.247343333333333,1134.7693765066838,4.632164226335387
31,Tectona_grandis,30,23.9,27.1,15.0,10.0,7.0,4.5,4.7,2.3,2.0,0.00041552949999999994,0.2857142857142857,0.04486854549999999,1.7796811666666668,1.14408075,681.0066755387554,5.6663340394367525
32,Tectona_grandis,30,37.3,46.8,31.0,18.0,25.8,12.0,11.7,6.5,13.8,0.0033187374999999997,0.5348837209302326,0.10928582949999997,12.754006399999998,5.932096,1792.2754760218522,4.523379980689385
33,Tectona_grandis,30,28.3,34.4,15.0,10.0,23.7,11.2,15.7,6.6,7.7,0.0034216379999999994,0.3248945147679325,0.0629099095,6.478489799999999,3.0615647999999993,1013.6349834673003,4.345166002821861
34,Tectona_grandis,30,39.2,51.9,31.0,17.0,28.0,17.0,18.7,6.5,9.0,0.0033187374999999997,0.32142857142857145,0.12070307200000002,14.142142000000002,8.5863005,2081.169883131532,4.184454394002499
35,Tectona_grandis,30,29.3,37.9,19.0,10.0,28.0,14.0,13.7,5.6,14.0,0.0024633279999999994,0.5,0.0674343895,9.083522,4.541761,1152.5815312884051,4.810772402707079
36,Tectona_grandis,30,47.8,66.9,35.0,20.0,32.8,17.8,22.199999999999996,7.1,10.3,0.0039597055,0.3140243902439025,0.17947418199999995,19.48647453333333,10.574977033333333,3235.895647832174,3.3102244942023664
37,Tectona_grandis,30,26.75,31.5,17.0,12.0,23.0,13.0,13.7,6.5,9.0,0.0033187374999999997,0.391304347826087,0.056207434375000004,6.714715833333334,3.7952741666666663,880.3920371494553,5.194048970798033
38,Tectona_grandis,30,39.8,54.1,35.0,19.0,26.5,17.5,14.2,5.65,12.0,0.002507512375,0.4528301886792453,0.12442634199999998,14.786121083333335,9.764419583333332,2199.5984195199594,4.484314369165763
39,Tectona_grandis,30,37.3,47.2,25.0,17.0,27.6,15.6,24.8,7.05,2.5,0.0039041313749999997,0.09057971014492754,0.10928582949999997,11.866077200000001,6.7069132,1807.2248946063432,3.933998902697019
40,Tectona_grandis,30,60.0,78.9,20.0,18.0,24.5,15.0,14.2,11.0,10.0,0.009504549999999999,0.40816326530612246,0.28278,11.347987583333332,6.9477475,4745.475825805723,1.6379629629629628
41,Tectona_grandis,30,35.9,58.3,18.0,10.0,23.5,13.5,13.2,7.3,10.0,0.004185929499999999,0.425531914893617,0.1012360255,8.632775916666665,4.959254249999999,2139.5462607193444,3.6286703755143632
42,Tectona_grandis,30,42.9,58.0,27.5,20.0,24.55,12.1,11.8,4.25,12.45,0.0014188093749999998,0.5071283095723014,0.1445642055,12.084655666666668,5.956184666666667,2533.034055700961,3.4050383700733358
43,Tectona_grandis,30,30.4,37.9,20.0,12.5,28.75,11.75,13.45,9.5,15.0,0.007089137499999999,0.5217391304347826,0.07259276799999999,9.816131666666669,4.011810333333334,1194.795219832132,4.703370267774702
44,Tectona_grandis,30,41.5,55.0,25.0,15.0,22.1,15.35,15.250000000000002,6.35,6.55,0.0031673323749999995,0.2963800904977375,0.1352827375,9.837078333333334,6.832540833333333,2328.4446421138205,3.290269511782068
45,Tectona_grandis,30,32.0,41.5,22.5,15.0,23.25,10.75,14.1,3.8,8.85,0.001134262,0.38064516129032255,0.0804352,8.918370625,4.123547708333333,1372.4556237396403,4.768880208333333
46,Tectona_grandis,30,56.1,67.4,35.0,17.5,29.25,18.45,18.15,7.1,10.8,0.0039597055,0.36923076923076925,0.24721334550000001,17.224247625,10.864525425,3810.8056590380193,2.3820039548255965
47,Tectona_grandis,30,41.1,49.8,30.0,15.0,24.45,14.95,14.649999999999999,8.08,9.5,0.005128246719999999,0.3885480572597137,0.1326874455,11.8305726,7.2338265999999996,2093.4492957428884,3.646675072963101
48,Tectona_grandis,30,45.6,55.7,27.5,10.0,29.75,14.75,12.2,8.1,17.25,0.0051536655,0.5798319327731093,0.163333728,13.686224708333336,6.785607208333335,2584.4096071682693,2.816571765671489
49,Tectona_grandis,30,51.2,71.0,25.0,15.0,29.5,19.55,18.7,7.25,10.5,0.004128784375,0.3559322033898305,0.205914112,14.366795000000002,9.5210455,3667.1833161250124,2.3651123046875
50,Tectona_grandis,30,34.6,46.7,22.5,12.5,28.5,15.75,17.45,6.63,10.75,0.0034528144949999996,0.37719298245614036,0.094036918,11.133677,6.1528215,1662.067041972581,4.1542762315257225
51,Tectona_grandis,30,31.0,41.4,20.0,15.0,24.9,15.9,6.809999999999999,3.1,17.79,0.0007548655000000001,0.7144578313253012,0.07548655,8.8928026,5.6785366,1327.4505017241997,4.731182795698925
52,Tectona_grandis,30,43.1,73.0,34.0,22.0,32.8,16.6,16.299999999999997,12.1,16.2,0.0115005055,0.49390243902439024,0.1459152655,19.838587999999998,10.040261000000001,3185.0035227679364,4.14511119126189
53,Tectona_grandis,30,37.0,56.00000000000001,30.0,26.0,30.8,19.6,19.3,5.5,11.2,0.0023761374999999997,0.3636363636363636,0.10753494999999998,16.290222666666665,10.366505333333334,2118.6215569731735,4.918431945458973
54,Tectona_grandis,30,32.0,44.0,24.0,31.0,27.6,16.0,15.700000000000001,6.5,11.6,0.0033187374999999997,0.42028985507246375,0.0804352,12.357486000000002,7.16376,1453.0922314945242,5.566406250000001
55,Tectona_grandis,30,35.2,48.0,30.0,26.0,16.06,6.5,6.1999999999999975,7.5,9.56,0.0044184375,0.5952677459526775,0.09732659200000002,8.157784066666665,3.3017183333333326,1736.0973617117622,5.219094352617078
56,Tectona_grandis,30,56.00000000000001,84.2,40.0,32.0,33.0,21.0,20.7,7.7,12.0,0.0046572295,0.36363636363636365,0.2463328000000001,23.865061000000004,15.186857000000002,4727.081668223852,2.93579931972789
57,Tectona_grandis,30,38.0,55.00000000000001,30.0,25.0,29.6,15.4,15.100000000000001,10.53,14.2,0.008709694694999999,0.47972972972972966,0.11342619999999999,15.500533333333333,8.064466666666666,2136.5829830815956,4.616805170821792
58,Tectona_grandis,30,41.0,63.0,32.0,26.0,34.2,13.0,12.700000000000003,8.45,21.2,0.005608666374999999,0.6198830409356725,0.13204255,19.431699,7.386318333333333,2627.1835146837566,4.302994249454689
59,Tectona_grandis,30,33.0,46.0,25.0,28.0,30.8,16.6,16.3,4.8,14.2,0.001809792,0.461038961038961,0.08554095,14.032172000000001,7.562794000000001,1563.7893061303332,5.325987144168963
60,Tectona_grandis,30,38.0,52.0,24.0,30.0,34.6,15.4,15.100000000000001,6.2,19.2,0.0030194620000000005,0.5549132947976878,0.11342619999999999,16.125791333333332,7.177375333333333,2022.763198195165,4.108956602031395
61,Tectona_grandis,30,49.0,70.0,39.0,34.0,29.2,19.2,18.9,11.95,10.0,0.011217136374999997,0.3424657534246575,0.18859855,19.878386666666664,13.07072,3465.0064791661835,3.6096071081493815
62,Tectona_grandis,30,44.6,68.0,34.0,30.0,37.0,18.2,17.9,7.45,18.8,0.004359721375,0.5081081081081081,0.156248518,22.66953,11.150958,3072.815683441975,3.9212531923022786
63,Tectona_grandis,30,44.0,68.3,36.0,30.0,38.7,16.9,16.6,10.58,21.8,0.00879260422,0.5633074935400516,0.15207279999999998,24.552137849999998,10.721734616666664,3045.519670710254,4.171831955922865
64,Tectona_grandis,30,49.3,77.0,34.0,24.0,25.5,20.5,20.2,8.45,5.0,0.005608666374999999,0.19607843137254902,0.19091498949999997,15.823897500000001,12.7211725,3825.520475952143,3.2503733814992044
65,Tectona_grandis,30,34.5,43.2,26.0,22.0,28.8,15.8,15.5,6.88,13.0,0.0037181171199999995,0.4513888888888889,0.0934941375,12.759033599999999,6.999747599999999,1536.0330615764776,4.73850031505986
66,Tectona_grandis,30,34.0,44.0,34.0,22.0,30.0,15.8,15.5,12.7,14.2,0.012669329499999998,0.47333333333333333,0.0908038,15.8671,8.356672666666666,1541.6657536403266,5.824682814302191
67,Tectona_grandis,30,47.0,76.4,38.0,30.0,36.6,20.0,19.7,8.45,16.6,0.005608666374999999,0.453551912568306,0.17351695,24.762730400000002,13.531546666666667,3623.4612160729803,3.8992002414365476
68,Tectona_grandis,30,42.8,66.0,40.0,36.0,33.4,17.6,17.299999999999997,9.05,15.8,0.0064334413750000005,0.4730538922155689,0.143891032,22.91251133333333,12.073658666666667,2866.955747552619,4.767519725157947
69,Tectona_grandis,30,38.0,56.00000000000001,32.0,24.0,26.6,17.8,17.5,15.73,8.8,0.019435854295,0.3308270676691729,0.11342619999999999,14.486714666666668,9.694117333333333,2174.4893978773125,4.801477377654663
70,Tectona_grandis,30,49.0,70.8,35.0,20.0,37.6,21.4,21.1,12.25,16.2,0.011787409375,0.4308510638297872,0.18859855,22.72210613333333,12.932262533333331,3503.650871468523,3.2042204636956817
71,Tectona_grandis,30,57.99999999999999,84.3,33.0,25.0,31.2,19.4,19.099999999999998,6.65,11.8,0.003473677375,0.37820512820512825,0.2642421999999999,19.712279600000002,12.256994366666666,4897.454664236352,2.3910027744748326
72,Tectona_grandis,30,52.0,77.0,30.0,27.0,23.8,9.8,9.5,9.55,14.0,0.007163956375000001,0.5882352941176471,0.21239919999999998,13.958858666666666,5.747765333333334,4029.871527418136,2.7613412228796843
73,Tectona_grandis,30,38.8,56.00000000000001,28.0,23.0,27.4,15.4,15.099999999999998,5.65,12.0,0.002507512375,0.43795620437956206,0.11825231199999998,13.702785666666667,7.701565666666668,2219.158225334436,4.229106883480356
74,Tectona_grandis,30,42.0,66.3,30.0,23.0,32.3,16.3,15.999999999999996,6.7,16.0,0.0035261094999999997,0.49535603715170284,0.1385622,17.70095448333333,8.932679816666667,2827.1281896183523,3.955026455026455
75,Tectona_grandis,30,33.0,42.0,23.0,20.0,24.0,15.8,15.5,5.7,8.2,0.0025520895,0.3416666666666666,0.08554095,9.67736,6.370928666666667,1430.9283976921035,4.713804713804714
76,Tectona_grandis,30,47.0,53.0,30.0,25.0,26.8,14.6,14.3,6.9,12.2,0.0037397655,0.4552238805970149,0.17351695,13.893923999999998,7.569077999999998,2535.816059569913,2.98777727478497
77,Tectona_grandis,30,35.0,49.4,26.0,20.0,29.2,14.4,14.099999999999998,7.65,14.8,0.004596942375,0.5068493150684932,0.09622375,13.257354799999998,6.537873599999999,1775.5990471819612,4.718367346938775
78,Tectona_grandis,30,32.3,48.0,32.0,30.0,32.9,16.9,16.599999999999998,6.4,16.0,0.0032174080000000006,0.48632218844984804,0.08195042949999998,17.74549233333333,9.115465666666665,1596.3572880752092,6.581743011690583
79,Tectona_grandis,30,44.0,68.0,34.0,24.0,36.4,19.4,19.099999999999998,7.2,17.0,0.004072032,0.46703296703296704,0.15207279999999998,21.730072,11.581412,3032.4629323210015,3.9256198347107447
80,Tectona_grandis,30,46.0,71.5,35.0,23.0,36.8,20.0,19.699999999999996,8.9,16.8,0.0062219455,0.4565217391304348,0.16621179999999997,22.59516933333333,12.279983333333334,3325.9164134917114,3.694076874606176
81,Tectona_grandis,30,46.0,63.0,33.0,26.0,29.8,15.4,15.1,7.9,14.4,0.0049023055,0.48322147651006714,0.16621179999999997,17.243819666666667,8.911235666666668,2939.442775560113,3.4814114681789543
82,Tectona_grandis,30,44.7,68.0,27.0,22.0,29.5,15.0,14.7,7.35,14.5,0.004243467374999999,0.4915254237288136,0.1569499695,15.293685000000002,7.7764500000000005,3079.539870608587,3.3031545125594945
83,Tectona_grandis,30,42.0,59.3,38.0,25.0,30.2,15.6,15.299999999999999,6.85,14.6,0.0036857623749999993,0.48344370860927155,0.1385622,18.685107433333332,9.6519098,2535.4186350426535,4.465230536659107
84,Tectona_grandis,30,31.0,46.0,26.0,22.0,29.3,11.2,10.8,6.8,18.2,0.0036321519999999996,0.6211604095563139,0.07548655,13.195352666666667,5.043957333333332,1471.220090220715,5.966007630939993
85,Tectona_grandis,30,35.2,46.0,28.0,22.0,28.4,14.4,14.099999999999998,6.55,14.0,0.003369991375,0.49295774647887325,0.09732659200000002,13.38492,6.78672,1665.4602554427709,4.84245867768595
86,Tectona_grandis,30,38.0,52.2,36.0,24.0,31.8,16.6,16.3,5.3,15.2,0.0022064694999999997,0.47798742138364775,0.11342619999999999,18.3345126,9.570846200000002,2030.3559900533342,5.083102493074793
87,Tectona_grandis,30,51.3,68.0,34.0,30.0,40.6,16.8,16.5,10.9,23.8,0.009332525500000001,0.5862068965517241,0.20671924949999998,24.875214,10.293192000000001,3522.5749064731467,2.963874924478187
88,Tectona_grandis,30,45.0,67.5,30.0,24.0,22.8,17.8,17.5,5.4,5.0,0.002290518,0.21929824561403508,0.15906374999999998,12.626127,9.8572395,3077.463321964115,3.481481481481482
89,Tectona_grandis,30,46.0,70.0,37.0,24.0,28.7,16.5,16.2,7.5,12.2,0.0044184375,0.4250871080139373,0.16621179999999997,18.185372333333333,10.455005,3257.7992624516496,3.812224322621299
90,Tectona_grandis,30,42.4,57.0,28.0,23.0,26.6,12.2,11.9,5.9,14.4,0.0027343255,0.5413533834586466,0.141214048,13.372352000000003,6.133184,2462.06732805693,3.55998576005696
91,Tectona_grandis,30,54.0,75.0,37.0,26.0,33.0,16.6,16.3,6.0,16.4,0.0028277999999999997,0.49696969696969695,0.2290518,21.514845,10.822619000000001,4075.051414185924,2.846364883401921
92,Tectona_grandis,30,55.00000000000001,77.1,34.0,24.0,25.8,16.6,16.3,7.1,9.2,0.0039597055,0.3565891472868217,0.23761375000000007,16.0168163,10.305393433333334,4262.025539170859,2.6126721763085388
93,Tectona_grandis,30,48.1,63.0,33.0,25.0,31.04,14.7,14.34,7.2,16.4,0.004072032,0.5283505154639175,0.18173406549999999,17.880074666666665,8.46769,3070.3434648801494,3.1696497392963088
94,Tectona_grandis,30,45.0,55.2,32.0,24.0,28.2,16.2,15.899999999999999,5.78,12.0,0.00262422982,0.425531914893617,0.15906374999999998,15.2990264,8.7888024,2528.860908990593,3.410699588477367
95,Tectona_grandis,30,41.4,54.9,23.0,15.0,23.0,13.0,12.7,8.2,10.0,0.005281701999999999,0.43478260869565216,0.13463155799999998,9.749887833333332,5.510806166666666,2318.8461276334615,3.1486537997775135
96,Tectona_grandis,30,38.5,67.1,20.0,15.0,21.5,13.0,12.7,6.8,8.5,0.0036321519999999996,0.3953488372093023,0.1164307375,9.125284416666666,5.517613833333333,2627.5309573587206,3.645358970034294
97,Tectona_grandis,30,32.2,55.2,21.0,12.0,21.0,17.2,16.9,6.7,3.8,0.0035261094999999997,0.18095238095238095,0.081443782,8.313732,6.8093424,1824.1345136043517,4.86092357547934
98,Tectona_grandis,30,36.9,69.2,21.0,15.0,19.0,11.5,11.2,7.3,7.5,0.004185929499999999,0.39473684210526316,0.1069544655,8.367669666666668,5.064642166666667,2597.8751244853056,4.117674419743295
99,Tectona_grandis,30,30.2,51.8,21.0,15.0,21.0,11.3,10.0,7.9,10.7,0.0049023055,0.5095238095238095,0.071640742,8.291738,4.461744733333334,1610.384610879379,5.511454175986434
100,Tectona_grandis,30,36.6,42.0,22.0,15.0,23.0,7.5,7.199999999999999,10.5,15.5,0.0086601375,0.6739130434782609,0.10522243800000002,8.732141666666667,2.8474375000000003,1583.090842295973,3.6081499397812213
101,Nauclea_diderrichii,44,58.6951,70.0,50.0,22.5,31.8,18.8,18.5,11.875,13.0,0.01107677734375,0.40880503144654085,0.2706137647129855,24.354427499999996,14.398214999999999,3191.391191454527,2.8300943997149517
102,Nauclea_diderrichii,44,29.28071,40.5,25.0,17.5,21.8,15.3,15.0,9.165,6.5,0.006597982023749998,0.2981651376146789,0.06734562628007705,9.018587333333333,6.329559000000001,949.0054355119402,6.14288840297044
103,Nauclea_diderrichii,44,40.73838,60.0,30.0,20.0,28.8,22.8,22.5,4.68,6.0,0.0017204335199999996,0.20833333333333331,0.1303628057746666,15.081599999999998,11.9396,1922.4198296685497,4.016994445270146
104,Nauclea_diderrichii,44,42.5,60.0,40.0,30.0,41.2,16.2,15.900000000000002,10.185,25.0,0.00814832337375,0.6067961165048543,0.1418809375,26.968833333333333,10.604249999999999,2003.5130173955226,4.613610149942329
105,Nauclea_diderrichii,44,35.00955,48.5,30.0,20.0,43.0,24.0,23.7,7.11,19.0,0.003970867455,0.4418604651162791,0.09627626783895636,21.22290083333333,11.845339999999998,1347.159261436235,5.126453739969605
106,Nauclea_diderrichii,44,34.69128,41.0,30.0,17.5,28.0,20.5,20.2,6.05,7.5,0.002875126375,0.26785714285714285,0.0945337395264163,13.08643,9.581136249999998,1133.2899384346651,4.943975583123932
107,Nauclea_diderrichii,44,33.09994,47.0,27.5,20.5,25.3,21.3,21.0,2.5,4.0,0.0004909375,0.15810276679841898,0.08605985349968276,11.758280416666667,9.899263750000001,1236.8807068033143,5.400359723693695
108,Nauclea_diderrichii,44,40.43838,60.0,29.0,20.0,27.8,21.8,21.5,5.68,6.0,0.00253421152,0.2158273381294964,0.12844987542526665,14.266774666666665,11.187614666666665,1908.601548405749,3.9952808956355432
109,Nauclea_diderrichii,44,47.6951,70.0,40.0,22.5,30.8,18.8,18.5,11.875,12.0,0.01107677734375,0.38961038961038963,0.17868731240298547,20.362778333333335,12.429228333333334,2606.2437618844147,3.699922270785806
110,Nauclea_diderrichii,44,21.96053,25.0,17.5,10.0,22.0,16.5,16.2,3.835,5.5,0.00115525252375,0.25,0.037881906157544686,6.048349999999999,4.536262499999999,447.55023604391926,7.257422550402602
111,Nauclea_diderrichii,44,40.5,55.0,30.0,17.5,28.7,19.7,19.4,9.39,9.0,0.006925918455,0.31358885017421606,0.1288416375,14.465637083333334,9.929374583333333,1755.8161526868446,3.912005283747397
112,Nauclea_diderrichii,44,33.73647,45.0,30.0,27.5,32.0,21.0,20.7,7.7,11.0,0.0046572295,0.34375,0.08940163600318368,16.12893333333333,10.584612499999999,1207.7293288423982,5.6378069708782235
113,Nauclea_diderrichii,44,35.37301,40.0,20.0,17.5,26.0,20.0,19.7,5.75,6.0,0.002597059375,0.23076923076923078,0.09828567465394085,9.360541666666668,7.200416666666668,1127.5177627174685,3.663004141762769
114,Nauclea_diderrichii,44,49.6499,60.0,40.0,30.0,31.0,18.0,17.7,8.18,13.0,0.005255969019999999,0.41935483870967744,0.19363459237428549,20.292083333333334,11.782499999999999,2331.8516082774013,3.3805082310295993
115,Nauclea_diderrichii,44,33.73647,35.0,30.0,27.5,32.0,20.0,19.7,7.7,12.0,0.0046572295,0.375,0.08940163600318368,15.291066666666662,9.556916666666664,945.0278574651464,5.3449338814819525
116,Nauclea_diderrichii,44,30.0,38.0,27.5,15.0,28.0,20.0,19.7,3.35,8.0,0.0008815273749999999,0.2857142857142857,0.070695,11.950073333333336,8.53576666666667,913.1625397384765,6.037037037037039
117,Nauclea_diderrichii,44,21.96053,25.0,17.5,10.0,21.0,16.5,16.2,3.835,4.5,0.00115525252375,0.21428571428571427,0.037881906157544686,5.773425,4.536262499999999,447.55023604391926,7.257422550402603
118,Nauclea_diderrichii,44,43.28453,48.0,30.0,17.5,28.7,19.7,19.4,9.39,9.0,0.006925918455,0.31358885017421606,0.14716739470655668,13.939613916666666,9.568306416666665,1640.4429116297767,3.3003290864922414
119,Nauclea_diderrichii,44,28.32591,22.5,17.5,12.5,21.0,15.5,15.2,3.15,5.5,0.0007794123749999999,0.2619047619047619,0.06302515627912225,5.773425,4.2613375,517.6909204072504,4.362147057318314
120,Nauclea_diderrichii,44,35.0,45.5,30.0,17.5,32.0,23.0,22.7,6.285,9.0,0.00310282122375,0.28125,0.09622375,15.33296,11.020565,1265.4310507415355,4.979591836734694
121,Nauclea_diderrichii,44,40.42011,50.5,30.0,20.0,37.0,23.0,22.7,7.075,14.0,0.00393186934375,0.3783783783783784,0.12833383471897045,18.4553225,11.472227499999999,1612.3543318491388,3.886679620322044
122,Nauclea_diderrichii,44,42.32973,60.0,32.5,25.0,35.5,21.5,21.2,6.125,14.0,0.00294685234375,0.39436619718309857,0.14074636458911627,19.984429166666665,12.103245833333332,1995.678502700137,3.999688860952634
123,Nauclea_diderrichii,44,44.87588,50.0,29.0,22.5,32.0,19.0,18.7,5.975,13.0,0.0028042840937499993,0.40625,0.15818749378357913,15.793786666666664,9.377560833333332,1768.350474133443,3.120068606741954
124,Nauclea_diderrichii,44,30.0,33.7,20.0,10.0,31.0,24.0,23.7,6.5,7.0,0.0033187374999999997,0.22580645161290322,0.070695,10.040522833333336,7.773308000000001,812.1683857769964,4.581481481481483
125,Nauclea_diderrichii,44,30.0,36.5,27.5,15.0,31.8,21.7,21.4,4.825,10.1,0.0018286930937500001,0.31761006289308175,0.070695,13.446974500000001,9.176080083333334,877.9648576533428,5.981481481481483
126,Nauclea_diderrichii,44,43.6028,60.0,32.5,30.0,36.5,24.5,24.2,2.0,12.0,0.0003142,0.3287671232876712,0.14933958738383202,21.025216666666662,14.112816666666664,2054.2372803210064,3.857204532464755
127,Nauclea_diderrichii,44,30.0,33.7,20.0,10.0,30.0,25.0,24.7,4.5,5.0,0.0015906375,0.16666666666666666,0.070695,9.716635000000002,8.097195833333336,812.1683857769964,4.581481481481482
128,Nauclea_diderrichii,44,31.82686,43.9,30.0,28.0,31.0,15.0,14.7,5.945,16.0,0.0027761946137500005,0.5161290322580645,0.07956714532145158,15.576203166666666,7.536872499999999,1113.7329457423996,6.314894981298295
129,Nauclea_diderrichii,44,40.0,50.0,35.0,17.5,26.8,18.8,18.5,6.45,8.0,0.0032678763749999997,0.29850746268656714,0.12568,14.560551666666665,10.214118333333332,1580.5717964803096,4.322916666666667
130,Nauclea_diderrichii,44,45.0,50.0,27.5,20.0,24.5,15.0,14.7,3.75,9.5,0.001104609375,0.3877551020408163,0.15906374999999998,11.546850000000001,7.069500000000001,1773.1239260119603,2.9629629629629637
131,Nauclea_diderrichii,44,34.37301,40.0,20.0,17.5,25.0,20.0,19.7,3.75,5.0,0.001104609375,0.2,0.09280712478294086,9.000520833333335,7.200416666666668,1096.3970208797223,3.87923701090145
132,Nauclea_diderrichii,44,31.82686,42.5,25.0,20.0,26.0,20.0,19.7,4.325,6.0,0.00146932684375,0.23076923076923078,0.07956714532145158,11.062458333333332,8.509583333333333,1079.0542779285722,5.347422795523568
133,Nauclea_diderrichii,44,30.0,34.1,27.5,15.0,31.8,21.8,21.5,4.825,10.0,0.0018286930937500001,0.31446540880503143,0.070695,13.247143300000003,9.081374966666669,821.5756723735076,5.892592592592595
134,Nauclea_diderrichii,44,43.6028,60.0,32.5,30.0,36.5,25.5,25.2,2.0,11.0,0.0003142,0.3013698630136986,0.14933958738383202,21.025216666666662,14.688849999999999,2054.2372803210064,3.857204532464755
135,Nauclea_diderrichii,44,44.55761,50.0,22.5,20.0,32.5,23.5,23.2,4.89,9.0,0.0018782954549999996,0.27692307692307694,0.15595164683004542,13.615333333333334,9.844933333333332,1756.1088811252132,2.6863027217011872
136,Nauclea_diderrichii,44,44.87588,50.0,30.0,22.5,32.0,18.0,17.7,5.975,14.0,0.0028042840937499993,0.4375,0.15818749378357913,16.12893333333333,9.072524999999999,1768.350474133443,3.186276959139661
137,Nauclea_diderrichii,44,30.0,33.7,20.0,10.0,30.0,24.0,23.7,4.5,6.0,0.0015906375,0.2,0.070695,9.716635000000002,7.773308000000001,812.1683857769964,4.581481481481482
138,Nauclea_diderrichii,44,42.32973,60.0,32.5,25.0,35.5,20.5,20.2,6.125,15.0,0.00294685234375,0.4225352112676056,0.14074636458911627,19.984429166666665,11.540304166666665,1995.678502700137,3.999688860952634
139,Nauclea_diderrichii,44,35.00955,45.0,29.0,17.5,32.2,23.2,22.900000000000002,6.14,9.0,0.0029613035799999996,0.2795031055900621,0.09627626783895636,15.0493945,10.843041999999999,1252.1905377989037,4.854493329361139
140,Nauclea_diderrichii,44,41.10185,47.0,31.0,20.0,36.2,22.8,22.5,7.435,13.4,0.00434218312375,0.3701657458563536,0.13269939086733734,18.103680333333337,11.402318000000001,1527.9359835794673,3.7686809517206448
141,Nauclea_diderrichii,44,31.82686,40.0,28.5,17.5,25.6,20.6,20.3,2.05,5.0,0.00033010637499999995,0.1953125,0.07956714532145158,11.495530666666667,9.250309833333334,1017.0592327918789,5.643587750352567
142,Nauclea_diderrichii,44,35.96435,47.10376,30.0,17.5,27.5,19.5,19.2,5.925,8.0,0.0027575468437499996,0.2909090909090909,0.10159927769096239,13.292239902333332,9.425406476200001,1344.1337205725386,4.757456836818267
143,Nauclea_diderrichii,44,45.92298,60.52196,27.5,20.0,31.0,21.0,20.7,7.15,10.0,0.004015672375,0.3225806451612903,0.16565567323291544,15.464349956600003,10.4758499706,2179.20138221514,3.011366824114779
144,Nauclea_diderrichii,44,30.0,40.0,19.1,12.5,26.3,16.0,15.7,5.705,10.3,0.0025565688137499996,0.3916349809885932,0.070695,8.876333283333336,5.400050666666667,960.0411501311693,4.774074074074076
145,Nauclea_diderrichii,44,35.00955,45.0,25.0,17.5,33.1,20.7,20.4,6.14,12.4,0.0029613035799999996,0.37462235649546827,0.09627626783895636,14.083360416666665,8.807418749999998,1252.1905377989037,4.419356672387591
146,Nauclea_diderrichii,44,42.96626,50.0,30.0,21.0,27.4,17.4,17.099999999999998,11.625,10.0,0.010615296093749999,0.36496350364963503,0.14501111559834595,13.702785666666664,8.701768999999999,1694.8691219045395,3.4487126356013698
147,Nauclea_diderrichii,44,33.73647,45.0,30.0,20.0,35.5,21.5,21.2,2.6,14.0,0.0005309980000000001,0.39436619718309857,0.08940163600318368,17.195904166666665,10.414420833333333,1207.7293288423982,5.418152153831021
148,Nauclea_diderrichii,44,41.37492,60.0,30.0,20.0,37.0,23.0,22.7,5.62,14.0,0.00248095462,0.3783783783783784,0.13446848859325272,19.375666666666667,12.044333333333334,1951.7313937257968,3.8943448546572195
149,Nauclea_diderrichii,44,45.0,60.0,39.8,35.0,35.8,17.3,16.999999999999996,6.28,18.5,0.0030978863200000002,0.5167597765363129,0.15906374999999998,23.82777593333333,11.514539766666667,2118.4586244544703,4.184362139917696
150,Nauclea_diderrichii,44,45.0,57.2,40.0,37.5,37.0,23.0,22.7,6.005,14.0,0.00283251496375,0.3783783783783784,0.15906374999999998,24.674911500000004,15.338458500000002,2021.9149803384532,4.192592592592594
151,Nauclea_diderrichii,44,31.82686,45.0,25.0,20.0,31.0,15.0,14.7,5.945,16.0,0.0027761946137500005,0.5161290322580645,0.07956714532145158,13.392774999999999,6.4803749999999996,1140.9618113207391,5.429690838531624
152,Nauclea_diderrichii,44,28.64418,35.4,27.5,20.0,26.0,15.0,14.7,1.3,11.0,0.00013274950000000002,0.4230769230769231,0.06444941471037702,11.259880666666666,6.496085000000001,814.5235714624642,6.719569685457581
153,Nauclea_diderrichii,44,41.69319,50.0,30.0,25.0,26.1,15.3,15.0,4.05,10.8,0.001288416375,0.41379310344827586,0.13654520035614268,13.3260075,7.8117975,1645.8385803758015,3.739237986163539
154,Nauclea_diderrichii,44,22.2788,30.0,17.5,10.0,25.0,16.0,15.7,3.85,9.0,0.001164307375,0.36,0.038987894207511996,7.2004166666666665,4.608266666666665,542.2776292621243,7.387335800536081
155,Nauclea_diderrichii,44,42.64799,45.0,27.5,20.0,27.5,20.1,19.8,3.0,7.4,0.0007069499999999999,0.2690909090909091,0.14287075005919986,12.600729166666667,9.209987500000002,1518.1873481948107,3.207152850695264
156,Nauclea_diderrichii,44,46.6,55.0,36.5,27.5,30.9,22.4,22.099999999999998,4.95,8.5,0.001924671375,0.2750809061488673,0.170576038,18.487135249999998,13.401677333333332,2013.4812608162886,3.5074631447745706
157,Nauclea_diderrichii,44,41.37492,55.0,30.0,20.0,32.2,21.2,20.900000000000002,5.94,11.0,0.0027715267800000006,0.3416149068322981,0.13446848859325272,16.440515,10.82419,1792.8271170269527,3.796986233290788
158,Nauclea_diderrichii,44,35.00955,45.0,30.0,17.5,32.2,23.2,22.900000000000002,6.14,9.0,0.0029613035799999996,0.2795031055900621,0.09627626783895636,15.386635833333333,11.086023333333333,1252.1905377989037,4.963277493604525
159,Nauclea_diderrichii,44,40.10185,45.5,30.0,21.0,36.2,22.8,22.5,8.435,13.4,0.005588771623750001,0.3701657458563536,0.1263208402323374,17.677153833333335,11.133677,1445.162014989557,3.86570549854259
160,Nauclea_diderrichii,44,39.78358,45.0,25.0,17.5,25.5,15.6,15.799999999999999,7.42,9.4,0.00432468022,0.3686274509803922,0.12432369581476821,10.84971875,6.637474999999999,1418.5849058898305,3.4223497288931517
161,Nauclea_diderrichii,44,49.6499,55.0,30.0,19.5,28.1,20.4,20.1,7.23,7.7,0.0041060362950000005,0.27402135231316727,0.19363459237428549,14.310369916666666,10.389023,2141.9990525550666,2.630035403741028
162,Nauclea_diderrichii,44,31.82686,40.5,25.0,17.5,29.0,19.7,19.4,4.8,9.3,0.001809792,0.3206896551724138,0.07956714532145158,11.997203333333333,8.149824333333333,1029.4655021048898,5.19934031810907
163,Nauclea_diderrichii,44,42.64799,45.0,27.5,20.0,27.5,20.3,20.0,3.0,7.2,0.0007069499999999999,0.26181818181818184,0.14287075005919986,12.600729166666667,9.301629166666668,1518.1873481948107,3.207152850695264
164,Nauclea_diderrichii,44,40.0,52.5,25.0,15.0,17.7,15.2,14.899999999999999,9.0,2.5,0.00636255,0.14124293785310735,0.12568,7.76270375,6.666276666666667,1657.6581914390379,3.489583333333334
165,Nauclea_diderrichii,44,46.14895,50.0,30.0,30.0,27.0,19.0,18.7,10.125,8.0,0.00805260234375,0.2962962962962963,0.16728994478835138,14.138999999999998,9.949666666666664,1817.2957757625848,3.130293738390487
166,Nauclea_diderrichii,44,53.46913,63.0,40.0,30.0,31.8,18.2,17.9,6.5,13.6,0.0033187374999999997,0.42767295597484273,0.22457035463526445,21.065538999999998,12.056377666666666,2629.020493985752,2.949803122541403
167,Nauclea_diderrichii,44,42.96626,60.0,35.0,20.0,42.7,27.2,26.900000000000002,4.65,15.5,0.001698447375,0.36299765807962525,0.14501111559834595,24.59662333333333,15.668106666666665,2024.9628669192261,3.9723391614256616
168,Nauclea_diderrichii,44,43.96626,50.0,30.0,20.0,27.4,17.4,17.099999999999998,11.625,10.0,0.010615296093749999,0.36496350364963503,0.15183966504434596,13.63104333333333,8.656209999999998,1733.358250188157,3.2763727000322302
169,Nauclea_diderrichii,44,42.8,68.4,30.0,25.0,26.0,15.0,14.7,7.685,11.0,0.004639102123749999,0.4230769230769231,0.143891032,14.527560666666664,8.381285,2292.5183799131178,3.8831630127813193
170,Nauclea_diderrichii,44,50.0,57.9,29.0,25.0,27.5,20.5,20.2,6.285,7.0,0.00310282122375,0.2545454545454545,0.196375,14.321628749999997,10.676123249999998,2267.6600802739836,2.6519999999999992
171,Nauclea_diderrichii,44,40.0,45.9,30.0,25.0,27.3,15.1,14.8,3.1,12.2,0.0007548655000000001,0.44688644688644685,0.12568,13.645627449999996,7.547581483333332,1453.9473660427,3.9770833333333324
172,Nauclea_diderrichii,44,30.82686,45.0,25.0,17.5,29.0,17.7,17.4,4.8,11.3,0.001809792,0.3896551724137931,0.07464569561545158,12.338895833333332,7.530981249999999,1105.9598297401876,5.699982606613863
173,Nauclea_diderrichii,44,37.5557,55.0,36.0,27.5,31.9,22.4,22.099999999999998,4.95,9.5,0.001924671375,0.29780564263322884,0.11078932382558951,18.918374749999998,13.284375999999998,1631.1224976937262,5.352975174156808
174,Nauclea_diderrichii,44,41.37492,55.0,30.0,20.0,32.1,21.8,21.5,5.94,10.3,0.0027715267800000006,0.3208722741433022,0.13446848859325272,16.389457500000002,11.130535,1792.8271170269527,3.7969862332907893
175,Nauclea_diderrichii,44,35.00955,45.0,30.0,17.5,32.2,23.2,22.900000000000002,6.14,9.0,0.0029613035799999996,0.2795031055900621,0.09627626783895636,15.386635833333333,11.086023333333333,1252.1905377989037,4.963277493604525
176,Nauclea_diderrichii,44,40.10185,45.0,30.0,20.0,36.2,22.8,22.5,7.435,13.4,0.00434218312375,0.3701657458563536,0.1263208402323374,17.534978333333335,11.04413,1429.6602037224118,3.834614033406859
177,Nauclea_diderrichii,44,31.82686,40.0,27.5,17.5,24.6,20.6,20.3,2.05,4.0,0.00033010637499999995,0.16260162601626016,0.07956714532145158,10.788842500000003,9.03455916666667,1017.0592327918789,5.51195888153968
178,Nauclea_diderrichii,44,35.00955,42.5,30.0,15.0,18.4,10.8,10.5,13.74,7.6,0.01482926598,0.41304347826086957,0.09627626783895636,8.551476666666666,5.019345,1184.2478365069087,4.827297288300292
179,Nauclea_diderrichii,44,35.00955,45.0,30.0,17.5,33.1,20.1,19.8,6.14,13.0,0.0029613035799999996,0.39274924471299094,0.09627626783895636,15.816697083333333,9.60470125,1252.1905377989037,4.963277493604525
180,Nauclea_diderrichii,44,32.4634,35.0,25.0,15.0,23.1,16.1,15.8,5.605,7.0,0.00246772876375,0.30303030303030304,0.08278167227243799,9.072525,6.323275000000001,910.2064539389028,4.744407659553471
181,Nauclea_diderrichii,44,42.96626,50.0,30.0,20.0,29.4,17.4,17.099999999999998,11.625,12.0,0.010615296093749999,0.40816326530612246,0.14501111559834595,14.626009999999997,8.656209999999998,1694.8691219045395,3.4306565485039804
182,Nauclea_diderrichii,44,35.42011,50.0,30.0,27.5,25.3,19.3,19.0,6.6,6.0,0.0034216379999999994,0.23715415019762845,0.09854758831397047,13.083157083333331,9.980432083333332,1403.6912234390566,5.2474225110998916
183,Nauclea_diderrichii,44,22.18842,31.5,20.0,10.0,18.2,12.2,11.899999999999999,6.465,6.0,0.0032830934737499997,0.32967032967032966,0.03867220589367222,5.7899205,3.8811554999999998,566.4732387336785,8.226256885233793
184,Nauclea_diderrichii,44,21.324,27.5,17.5,10.0,22.9,18.5,18.2,2.8,4.4,0.0006158319999999999,0.1921397379912664,0.035717704264800004,6.445682083333333,5.207210416666667,477.2802761185527,7.880429023282003
185,Nauclea_diderrichii,44,30.0,40.0,19.1,12.5,26.3,18.0,17.7,5.705,8.3,0.0025565688137499996,0.31558935361216733,0.070695,8.876333283333336,6.075057000000001,960.0411501311693,4.774074074074076
186,Nauclea_diderrichii,44,35.00955,45.0,25.0,17.5,33.1,20.7,20.4,5.14,12.4,0.0020752595799999997,0.37462235649546827,0.09627626783895636,14.083360416666665,8.807418749999998,1252.1905377989037,4.419356672387591
187,Nauclea_diderrichii,44,30.0,35.0,20.0,10.0,23.1,15.6,15.3,5.305,7.5,0.0022106346137499996,0.3246753246753247,0.070695,7.560437500000001,5.1057500000000005,842.7324330150813,4.629629629629631
188,Nauclea_diderrichii,44,27.5,33.5,24.0,20.0,24.5,16.0,15.7,2.3,8.5,0.00041552949999999994,0.3469387755102041,0.059403437499999996,9.590300416666665,6.263053333333333,741.7223972028586,6.58953168044077
189,Nauclea_diderrichii,44,38.5105,45.0,27.5,20.0,25.6,18.6,18.3,8.86,7.0,0.006166143579999998,0.2734375,0.11649425383513749,11.730133333333335,8.522675000000001,1374.2622705278952,3.9333127450371
190,Nauclea_diderrichii,44,37.5,48.0,35.0,30.0,31.5,18.0,17.7,5.75,13.5,0.002597059375,0.42857142857142855,0.1104609375,17.980095,10.274339999999999,1426.1162134715964,5.167407407407407
191,Nauclea_diderrichii,44,45.19414,48.5,30.0,20.0,29.0,22.2,21.9,5.55,6.8,0.0024195363749999997,0.23448275862068965,0.16043918330617554,14.313119166666663,10.956939499999997,1728.4349716214413,3.0762798910005142
192,Nauclea_diderrichii,44,48.6951,58.0,37.0,30.0,26.2,20.9,20.6,5.745,5.3,0.00259254471375,0.20229007633587787,0.18625876261298546,16.189678666666662,12.91466733333333,2213.6058296562105,3.3175709856433153
193,Nauclea_diderrichii,44,30.23552,45.0,30.0,27.5,32.5,20.5,20.2,7.875,12.0,0.00487132734375,0.36923076923076925,0.07180936290260993,16.380947916666667,10.332597916666664,1085.248987633143,7.01898953413981
194,Nauclea_diderrichii,44,24.82495,35.0,25.0,20.0,18.0,16.5,16.2,4.45,1.5,0.001555486375,0.08333333333333333,0.04840864809357137,7.305149999999999,6.6963875,700.5359463182575,8.383660412953406
195,Nauclea_diderrichii,44,26.4163,33.0,25.0,17.5,19.0,10.9,10.6,6.1,8.1,0.0029228454999999996,0.4263157894736842,0.0548138321419495,7.487124166666667,4.295244916666667,702.7900724846012,7.189046108766583
196,Nauclea_diderrichii,44,23.87015,31.3,22.5,17.5,22.5,15.0,14.7,4.68,7.5,0.0017204335199999996,0.3333333333333333,0.04475653799331737,8.177055,5.45137,604.5703586336405,8.120035261014376
197,Nauclea_diderrichii,44,29.91725,45.0,27.5,17.5,24.0,19.0,18.7,6.095,5.0,0.0029180559137499994,0.20833333333333334,0.07030553712603436,10.839900000000002,8.581587500000001,1074.0980208481453,6.424280625156451
198,Nauclea_diderrichii,44,39.14704,57.5,37.5,37.5,35.0,22.0,21.7,8.275,13.0,0.0053787603437500005,0.37142857142857144,0.12037714768682366,22.452208333333335,14.112816666666667,1773.8582988218236,5.3290153404829645
199,Nauclea_diderrichii,44,20.0,27.5,17.5,14.6,20.8,10.3,10.0,5.1,10.5,0.0020430854999999998,0.5048076923076923,0.03142,6.105115466666667,3.023206216666667,448.3353027435831,9.341666666666667
200,Nauclea_diderrichii,44,30.23552,40.0,30.0,27.5,32.5,19.5,19.2,7.975,13.0,0.004995829093749999,0.4,0.07180936290260993,15.95546875,9.573281249999999,967.3965349222754,6.8366781176686455
